<?xml version="1.0" encoding="UTF-8" standalone="yes"?>
<addon id="lucky" name=“lucky repository" version="0.0.2" provider-name=“thor”>
	<extension point="xbmc.addon.repository" name="lucky Add-on repository">
		<info compressed="false">http://raw.github.com/thor/lucky/master/addons.xml</info>
		<checksum>http://raw.github.com/thor/lucky/master/addons.xml.md5</checksum>
		<datadir zip="true">http://raw.github.com/thor/lucky/master/repo/</datadir>
	</extension>
	<extension point="xbmc.addon.metadata">
		<summary>lucky repository</summary>
		<description>Addon Description</description>
		<disclaimer></disclaimer>
		<platform>all</platform>
	</extension>
</addon>